abase,babble,cabbage,dabble,earmark,face,gabble,hack,identify,jabber,kayak,labor,macerate,nadire,obey,pacify,quadruple,race,sack,taboo,ululate,vacation,waddle,yak,zap
abash,babysit,cable,dally,earn,facilitate,gag,had-better,identify-with,jack,kayo,labour,machinate,nag,obfuscate,pack,quaff,rack,sacrifice,tabulate,umpire,vaccinate,wade,yammer,zero
abate,back,cache,dam,ease,factor,gain,hafta,identity,jade,keen,lace,madden,nail,object,package,quail,racket,sadden,tack,unban,vacillate,waffle,yank,zest
abbreviate,back-off,cackle,damage,eat,factor-out,gall,haggle,idle,jail,keep,lacerate,magnetize,name,objectify,pad,quake,radiate,saddle,tack-on,unbend,vacuum,waft,yap,zig
abdicate,back-out,caddy,damn,eavesdrop,fade,gallivant,hail,idolize,jam,keep-vpc,lack,magnify,name-drop,obligate,paddle,qualify,radio,safeguard,tackle,unblock,valet,wag,yaw,zigzag
abduct,backbite,cadge,damp,ebb,fail,gallop,hallucinate,ignite,jangle,keep-away,lacquer,mail,namedrop,oblige,paddywhack,quantify,raft,sag,tag,unbolt,validate,wage,yawn,zing
abet,backfill,cage,dampen,echo,faint,galvanize,halt,ignore,japan,keep-down,lactate,maim,nance,obliterate,padlock,quantitate,rafter,sail,tag-along,unbuckle,value,wager,yearn,zip
abhor,backfire,cajole,dance,eclipse,fake,gamble,halter,illuminate,japanize,keep-on,ladder,mainstream,nap,obscure,page,quantize,rag,salaam,tail,unburden,vamoose,waggle,yell,zipcode
abide,backflip,cake,dandle,economize,fall,gambol,halve,illumine,jar,keep-up,lade,maintain,narrate,observe,pain,quarantine,rage,salivate,tailgate,unbutton,vamp,wail,yellow,zone
abide-((by)),backpack,calcify,dangle,eddy,fall-(on),gang-together,ham,illustrate,jeep,kennel,ladle,major,narrow,obsess,paint,quarrel,raid,sally,tailor,uncap,vandalise,wait,yelp,zonk-out
abnegate,backpedal,calculate,dapple,edge,fall-(upon),gape,hammer,image,jeer,key,lag,make,nasal,obstruct,pair,quarry,rail,salt,taint,unchain,vandalize,wait-tables,yen,
abolish,backslap,calibrate,dare,edify,falsify,garage,hamper,imagine,jell,ki-yi,lam,make-vpc,nasalize,obtain,palaver,quarter,railroad,salute,taiwanize,unclamp,vanish,waitress,yield,
abominate,backtrack,calk,darken,edit,falter,garb,hamstring,imbed,jeopardise,kick,lamb,make-(someone's)-acquaintance,nationalize,obviate,pale,quash,rain,salvage,take,unclasp,vanquish,waive,yip,
abort,badger,call,darn,editorialize,fame,garble,hand,imbibe,jeopardize,kick-off,lambaste,make-a-beeline,natter,occasion,pall,quaver,raise,salve,take-place,unclip,vaporize,wake,yodel,
abound,badmouth,call-forth,dart,educate,familiarize,garden,hand-count,imbue,jerk,kick-the-bucket,lament,make-it,naturalize,occlude,palliate,quell,rake,samba,take-shape,unclog,varnish,wake-up,yoke,
about-face,baffle,call-in,dash,eek,famish,garland,hand-deliver,imitate,jest,kid,laminate,make-out,nauseate,occult,palm,quench,rally,sample,take-vpc,unclothe,vary,waken,yowl,
abrade,bag,call-to-mind,date,efface,fan,garner,hand-paint,immerse,jet,kidnap,lampoon,make-up,navigate,occupy,palm-off,query,ram,sanctify,take-((picture)),uncoil,vaticinate,walk,,
abridge,baidu,call-up,daub,effect,fanaticize,garnish,hand-in,immigrate,jettison,kill,lance,malign,naysay,occur,palpate,quest,ramble,sanction,take-a-chance,uncork,vault,walk-through,,
absent,bail,calm,daunt,effectuate,fancy,garrotte,hand-out,immobilize,jibe,kindle,land,man,near,off,palpitate,question,ramify,sand,take-a-piss,uncover,vaunt,wall,,
absolve,bait,calm-down,dawdle,effeminate,fantasize,gas,hand-over,immolate,jig,kip,landfill,manacle,neaten,offend,pamper,queue,ramp,sandbag,take-apart,underbid,veer,wallop,,
absorb,bake,calumniate,dawn,effervesce,fare,gash,handcuff,immortalize,jiggle,kiss,landscape,manage,nebulize,offer,pan,quibble,ranch,sandpaper,take-break,undercharge,vegetate,wallow,,
abstain,balance,calve,daze,effuse,farm,gasify,handdeliver,immunize,jilt,kitten,lane,mandate,necessitate,officiate,pan-broil,quicken,randomize,sandwich,take-hold,undercut,veil,wallpaper,,
abstract,balk,camouflage,dazzle,egg-on,farm-(out),gasp,handfeed,immunocompromise,jingle,knead,languish,maneuver,neck,offload,pan-fry,quickstep,range,sanitize,take-off,underestimate,vein,waltz,,
abuse,balkanize,camp,de-escalate,ejaculate,fart,gate,handicap,immure,jinx,knee,lap,mangle,necrotize,offset,pander,quiet,rank,sap,take-on,underfeed,vend,wander,,
abut,ball,campaign,de-nuclearize,eject,fascinate,gather,handle,impact,jitterbug,kneel,lapse,manhandle,need,ogle,panel,quiet-down,rankle,saponify,take-over,undergo,veneer,wane,,
accede,ball-up,campaign-manage,deaccent,eke,fashion,gauge,handpaint,impair,jive,kneel-down,lard,manicure,needle,oil,panhandle,quieten,ransack,sashay,take-part,underinflate,venerate,wangle,,
accelerate,balloon,can,deactivate,elaborate,fast,gawk,handpick,impale,job,kneel-up,lash,manifest,negate,oink,panic,quilt,rant,satellite,take-place,underlay,vent,want,,
accent,ballyhoo,cancan,deaden,elapse,fasten,gaze,hang,impart,jockey,knell,lasso,manipulate,neglect,ok,pant,quip,rap,satiate,take-shape,underlie,ventilate,wanton,,
accentuate,bamboozle,cancel,deadlock,elate,fate,gear,hang-((on)),impeach,jog,knife,last,manoeuvre,negotiate,okay,paper,quirk,rape,satirize,take-to-task,underline,venture,war,,
accept,ban,candy,deafen,elbow,father,gear-up,hangar,impede,joggle,knight,latch,mantle,neigh,omit,parachute,quit,rarefy,satisfy,take-up,undermine,verbalize,warble,,
access,band,cane,deal,elect,fathom,gel,hanker,impel,join,knit,lather,manufacture,neighbor,ooh,parade,quiver,rasp,saturate,talc,underperform,verge,ward,,
accessorize,band-together,cannulate,debark,electrify,fatigue,gelatinize,happen,impend,joke,knock,laud,manure,neighbour,ooze,paragraph,quiz,rat,sauce,talk,underpin,verify,warehouse,,
acclaim,bandage,canoe,debase,electrocute,fatten,geminate,happen-(on),imperil,jollify,knock-down,laugh,map,nest,opacify,parallel,quote,rat-out,saunter,tally,underprice,verse,warm,,
accommodate,bandy,canonize,debate,electroplate,fault,generalize,harangue,impersonate,jolt,knock-off,launch,mar,nestle,open,paralyze,,ratchet,saute,tally-up,underreact,vest,warm-up,,
accompany,bang,canter,debauch,elevate,favor,generate,harass,impinge,jostle,knock-out,launder,march,net,open-up,paraphrase,,rate,save,tame,underscore,vet,warmonger,,
accomplish,banish,canvass,debilitate,elicit,favour,gentle,harbor,implant,jot,knot,lave,marginalize,netmail,operate,parboil,,ratify,savor,tamp,undersell,veto,warn,,
accord,bank,cap,debit,eliminate,fawn,gentrify,harbour,implement,jot-down,know,lavish,marinate,nettle,opine,parcel,,ration,savour,tamper,understand,vex,warp,,
account,bank-(on),capacitate,debone,elongate,fax,genuflect,hardboil,implicate,jounce,konk-out,lawyer,mark,network,oppose,parch,,rationalize,savvy,tan,understate,vibrate,warrant,,
accredit,bankroll,caper,debowel,elucidate,faze,germanize,harden,implore,journey,kowtow,lay,market,neutralize,oppress,pardon,,rattle,saw,tangle,understudy,victimize,wash,,
accrete,bankrupt,capitalize,debride,elude,fear,germinate,harm,imply,joust,,lay-vpc,marry,nibble,opt,pare,,ravage,say,tango,undertake,videotape,waste,,
accrue,banquet,capitulate,debug,emaciate,feast,gestate,harmonize,import,judder,,lay-(into),marry-(into),nick,optimize,park,,rave,scald,tank,underuse,vie,watch,,
accumulate,banter,capsize,debunk,email,feather,gesticulate,harness,importune,judge,,lay-off,marshal,nickel,orbit,parlay,,ravish,scale,tantalize,underutilize,view,water,,
accurse,baptize,captain,debur,emanate,feature,gesture,harp,impose,jug,,lay-waste,martyr,nickname,orchestrate,parley,,raze,scallop,tap,undervalue,vilify,wave,,
accuse,bar,caption,deburr,emancipate,federalize,get,harry,impound,juggle,,layer,marvel,niggle,ordain,parody,,re-case,scalp,tapdance,underweight,vindicate,waver,,
accustom,barb,captivate,debus,emasculate,federate,get-vpc,harshen,impoverish,jumble,,layover,mash,nip,order,parole,,re-create,scam,tape,underwrite,violate,wax,,
ace,barbecue,capture,debut,embalm,fedex,get-across,harvest,imprecate,jump,,leach,mask,nip-in-the-bud,organize,parquet,,re-debate,scamper,taper,undo,visit,weaken,,
acetify,barbeque,caramelize,decamp,embargo,feed,get-around,hash,impregnate,junk,,lead,masquerade,nitrify,orient,parrot,,re-elect,scan,tar,undress,visualize,wean,,
ache,bare,caravan,decant,embark,feel,get-away,hasten,impress,junket,,lead-(to),mass,nobble,originate,parry,,re-emerge,scandalize,target,undulate,vitiate,weaponize,,
achieve,barf,carbonify,decapitate,embarrass,feel-like,get-back,hat,imprint,justify,,leaf,mass-produce,nod,ornament,part,,re-emphasize,scant,tarmac,unearth,vitrify,wear,,
acidify,bargain,carbonize,decay,embattle,feign,get-by,hatch,imprison,jut,,leak,massacre,nod-off,orphan,partake,,re-employ,scape,tarnish,unfasten,vocalize,weary,,
acknowledge,barge,care,decease,embed,feint,get-down,hate,improve,,,lean,massage,nominate,oscillate,participate,,re-enact,scapegoat,tarry,unfix,vociferate,weasel,,
acquaint,bark,careen,deceive,embellish,felicitate,get-even,haul,improvise,,,leap,master,non-circled,osculate,partition,,re-engage,scar,tart-up,unfold,voice,weasel-out,,
acquiesce,barnstorm,caress,decelerate,embezzle,fell,get-free,haunt,impugn,,,leapfrog,mastermind,nonplus,ossify,partner,,re-enter,scare,task,unfreeze,void,weather,,
acquire,barrack,caricature,december,embitter,feminize,get-going,have,inactivate,,,learn,masticate,normalize,ostracize,party,,re-evaluate,scarf,tassel,unfurl,volatilize,weave,,
acquit,barrel,carjack,decentralize,emblazon,fence,get-in-touch,have-feeling,inaugurate,,,lease,masturbate,nose,ought-to,pass,,re-export,scarify,taste,unglue,volley,wed,,
act,barricade,carol,decide,embody,fend,get-loose,have-got,incandesce,,,leash,match,nose-dive,oughta,pass-vpc,,re-fight,scarper,tatter,unhinge,volunteer,wedge,,
act-up,barter,carom,decimate,embolden,ferment,get-on,have-got-on,incapacitate,,,leave,mate,nosedive,oust,pass-away,,re-fix,scatter,tattoo,unhitch,vomit,weed,,
activate,base,carouse,decipher,embolize,ferret,get-out,have-on,incarcerate,,,leaven,materialize,nosh,out,pass-off,,re-intensify,scavenge,taunt,unhook,voodoo,weekend,,
actualize,bash,carp,deck,emboss,ferry,get-ready,have-to,incense,,,lecture,matter,not-another-word,outbid,pass-on,,re-landscape,scend,tauten,uniform,vote,weep,,
actuate,bask,carpet,declaim,embrace,fertilize,get-through,hawk,incentivize,,,leer,maturate,notch,outdate,pass-out,,re-release,scent,tax,unify,vouch,weigh,,
adapt,bastardize,carry,declare,embrocate,fess,get-under-way,hay,inch,,,legalize,mature,note,outdistance,paste,,re-scope,scent-out,taxi,unionize,vow,weigh-anchor,,
add,baste,carry-on,declassify,embroider,fess-up,get-up,hazard,incinerate,,,legislate,maul,notice,outdo,pasteurize,,re-ship,schedule,teach,unite,voyage,weight,,
add-up,bat,carry-oneself,declaw,embroil,fester,ghost,head,incise,,,legitimize,maunder,notify,outface,pasture,,re-summon,scheme,team,unlace,vroom,welcome,,
addend,bathe,carry-out,decline,embus,festoon,gibber,head-on,incite,,,lend,max,notwithstand,outfit,pat,,re-unify,schlep,team-up,unlatch,vulcanize,weld,,
addict,batter,carry-to-term,decoct,emcee,fetch,gibe,head-out,incline,,,lengthen,maximize,noun-grouping-templa.e,outflank,pat-down,,re-victimize,schmooze,tear,unleash,vulgarize,well,,
addle,battle,cart,decode,emerge,fetter,gift,headline,include,,,lessen,may,nourish,outfly,patch,,reach,school,tear-up,unload,,welt,,
address,bawl,carve,decommission,emigrate,feud,giggle,headquarter,incorporate,,,let,mean,nudge,outgrow,patent,,react,scintillate,tease,unlock,,welter,,
adduce,bay,cascade,decompose,emit,fib,gild,heal,increase,,,let-go,meander,nullify,outlast,patrol,,reactivate,sclerose,tee,unmake,,wend,,
adhere,bayonet,case,decompress,emote,fibrose,gill,heap,increment,,,let-slip,measure,numb,outlaw,patronize,,read,scoff,teem,unmask,,westernize,,
adjoin,be,cash,decondition,empathize,fiddle,gird,hear,incriminate,,,letter,measure-up,number,outleap,patter,,readapt,scold,teeter,unmoor,,wet,,
adjourn,beach,cassette,deconstruct,emphasize,fidget,give,hearten,incubate,,,level,mechanize,nurse,outline,pattern,,readjust,scollop,teethe,unnerve,,whack,,
adjudicate,bead,cast,decontaminate,emplace,field,give-in,heat,incur,,,leverage,meddle,nurture,outlive,pauper,,readmit,scoop,telecast,unpack,,whale,,
adjust,beam,cast-off,decorate,emplane,fight,give-job,heat-up,indemnify,,,levitate,mediate,nut,outlying,pause,,ready,scoot,telegraph,unpeg,,whang,,
administer,bear,castigate,decouple,employ,figure,give-notice,heave,indent,,,levy,medicate,,outmatch,pave,,reaffirm,scope,telephone,unpin,,wharf,,
administrate,bear-arms,castle,decrease,empower,figure-out,give-off,heckle,index,,,liaise,meditate,,outnumber,paw,,realign,scorch,televise,unplug,,wheedle,,
admire,bear-on,castrate,decree,empty,filch,give-out,hedge,indicate,,,libel,meet,,outpace,pawn,,realize,score,telework,unquote,,wheel,,
admit,beard,cat,decry,emulate,file,give-the-boot,hee-haw,indict,,,liberalize,meld,,outperform,pay,,reallocate,scorn,telex,unravel,,wheeze,,
admix,beat,catalog,dedicate,emulsify,filibuster,give-the-slip,heed,indispose,,,liberate,mellow,,outrace,peacemake,,ream,scotch,tell,unreel,,whelk,,
admonish,beat-vpc,catalogue,deduce,enable,fill,give-thought,heel,indoctrinate,,,license,melt,,outrage,peach,,reanimate,scour,tell-off,unroll,,whelp,,
adopt,beat-up,catalyze,deduct,enact,fillet,give-up,heft,induce,,,lichenify,memorialize,,outrank,peak,,reap,scourge,temp,unscrew,,whiff,,
adore,beatify,catapult,deem,enamel,film,give-voice,heighten,induct,,,lick,memorise,,outrun,peal,,reappear,scout,temper,unseal,,while,,
adorn,beautify,catch,deemphasize,encapsulate,filter,give-way,helicopter,indulge,,,lie,memorize,,outsell,pearl,,reapply,scowl,tempt,unseat,,whimper,,
adrenalectomize,beckon,catechize,deep-fry,encase,finagle,gladden,hellenize,indurate,,,lie-down,menace,,outshine,peck,,reappoint,scrabble,tend,unsettle,,whine,,
adsorb,becloud,categorize,deep-fry,enchain,finalize,glamorize,help,industrialize,,,lift,mend,,outsmart,pedal,,reapportion,scram,tender,unsew,,whinge,,
advance,become,cater,deepen,enchant,finance,glance,help-out,indwell,,,ligate,menstruate,,outsource,peddle,,reappraise,scramble,tenderize,unshackle,,whinny,,
advert,bed,caterwaul,deepfry,encircle,find,glare,hem,infect,,,light,mention,,outstrip,pederastize,,rear,scrap,tense,unstable,,whip,,
advertise,bedeck,catheterize,deescalate,enclose,find-out,glass,hem-and-haw,infer,,,lighten,mentor,,outweigh,pee,,rearm,scrape,tenure,unstaple,,whip-up,,
advise,bedevil,catholicize,deface,encode,fine,glaze,hemorrhage,infest,,,lightning,meow,,outwit,peek,,rearrange,scratch,term,unstitch,,whipsaw,,
advocate,bedew,catnap,defame,encompass,fine-tune,gleam,henna,infiltrate,,,lignify,merchandise,,oven-fry,peel,,reason,scrawk,terminate,unteach,,whir,,
aerosolize,beef,caulk,defang,encounter,finesse,glean,heparinize,inflame,,,like,merge,,oven-poach,peel-off,,reason-out,scrawl,terrify,unthaw,,whirl,,
affect,beep,cause,defat,encourage,finger,glide,herald,inflate,,,liken,merit,,overarch,peep,,reassemble,scream,terrorize,untie,,whirr,,
affiliate,beetle,cauterize,default,encroach,finish,glimmer,herd,inflect,,,lilt,mesh,,overawe,peer,,reassert,screech,test,unveil,,whish,,
affirm,befall,caution,defeat,encrust,fink,glimpse,herniate,inflict,,,limber,mesmerize,,overbake,peeve,,reassess,screen,testify,unwind,,whisk,,
affix,befit,cave,defeather,encrypt,fire,glint,hesitate,influence,,,limit,mess,,overbid,peg,,reassign,screw,tether,unzip,,whisper,,
afflict,befog,cave-in,defecate,encumber,fire-off,glisten,hew,inform,,,limp,mess-up,,overburden,pelt,,reassume,screw-up,thank,up,,whistle,,
afford,befriend,cavort,defect,end,fireproof,glister,hibernate,infringe,,,line,message,,overbuy,pen,,reassure,scribble,thatch,upbraid,,whiten,,
affront,befuddle,caw,defend,end-up,firm,glitter,hiccup,infuriate,,,line-draw,metabolize,,overcast,penalize,,reauthorize,scrimp,thaw,update,,whitewash,,
affuse,beg,cease,defer,endanger,fish,gloat,hide,infuse,,,linger,metamorphose,,overcharge,pencil,,reawaken,script,theorize,upend,,whittle,,
africanize,beget,cede,defibrillate,endear,fissure,globalize,high-five,ingest,,,link,metastasize,,overcome,pend,,rebandage,scriptwrite,there-be,upgrade,,whiz,,
age,beggar,celebrate,defile,endeavor,fit,globetrot,highjack,ingrain,,,lint,mete,,overcommit,penetrate,,rebear,scroll,thicken,uphold,,wholesale,,
agglomerate,begin,cellar,define,endorse,fit-together,glom,highlight,ingratiate,,,lionize,meter,,overcook,people,,rebel,scrounge,thieve,upholster,,whoop,,
agglutinate,begrudge,cement,deflate,endow,fix,glorify,hightail,inhabit,,,lipstick,mew,,overdo,pepper,,rebound,scrub,thin,uplift,,whoosh,,
aggravate,beguile,censor,deflea,endure,fixate,glory,hijack,inhale,,,liquefy,mewl,,overdose,pepperspray,,rebuff,scrunch,think,upload,,whore,,
aggregate,behave,censure,deflect,energize,fizz,gloss,hike,inherit,,,liquidate,mic,,overdraw,perambulate,,rebuild,scruple,think-vpc,uprise,,whump,,
aggrieve,behead,center,deflesh,enervate,fizzle,glove,hinder,inhibit,,,liquidize,microfilm,,overemphasize,perceive,,rebuke,scrutinize,think-up,uproot,,wick,,
agitate,behold,centralize,deflower,enflame,flabbergast,glow,hinge,initial,,,liquify,microwave,,overestimate,perch,,rebut,scud,thirst,ups,,widen,,
agonize,behoove,certify,defoam,enforce,flag,glower,hint,initialize,,,lisp,midwife,,overexpress,percolate,,recalculate,scuff,thrash,upset,,widow,,
agree,belay,cessate,defog,engage,flagellate,glue,hire,initiate,,,list,miff,,overflow,perfect,,recalibrate,scuffle,thread,upsize,,wield,,
ah,belch,chafe,deforest,engender,flail,glut,hire-on,inject,,,listen,might,,overgrow,perforate,,recall,sculpt,threaten,urbanize,,wiggle,,
aid,beleaguer,chaff,deform,engineer,flake,glutenize,hiss,injure,,,litigate,migrate,,overhang,perform,,recanalize,sculpture,thresh,urge,,will,,
aid-and-abet,belie,chagrin,defraud,engrave,flame,glycosylate,hit,ink,,,litter,militarize,,overhaul,perfume,,recannulate,scurry,thrill,urinate,,wilt,,
ail,believe,chain,defray,engross,flank,gnash,hit-the-road,inlay,,,live,militate,,overhear,perfuse,,recant,scutter,thrive,use,,wimp,,
aim,belittle,chair,defrost,engulf,flap,gnaw,hitch,innovate,,,live-vpc,milk,,overheat,perish,,recap,scuttle,throb,usher,,win,,
air,bellow,chalk,defuse,enhance,flare,go,hitchhike,inoculate,,,liven,mill,,overindulge,perk,,recapitulate,seal,thrombose,usurp,,wince,,
airlift,belly,challenge,defuzz,enjoin,flash,go-((through)),hive,input,,,load,mime,,overjoy,perk-up,,recapture,sear,throne,utilise,,wind,,
airmail,belly-ache,chamfer,defy,enjoy,flatten,go-about,hoard,inquire,,,loaf,mimeograph,,overlap,perm,,recast,search,throng,utilize,,wing,,
alarm,belly-flop,champion,degas,enlarge,flatter,go-apeshit,hobble,inscribe,,,loan,mimic,,overlay,permeate,,recede,season,throttle,utter,,wink,,
alcoholize,bellyache,chance,degenerate,enlighten,flaunt,go-back,hobnob,inseminate,,,loathe,mince,,overleap,permit,,receive,seat,throw,,,winkle,,
alert,bellyflop,chance-(across),degerm,enlist,flaw,go-back-and-forth,hock,insert,,,lob,mind,,overlie,perpetrate,,recentralize,secede,throw-off,,,winnow,,
alienate,belong,chance-(on),deglaze,enliven,flay,go-ballistic,hoe,insinuate,,,lobby,mine,,overload,perpetuate,,recess,seclude,throw-on,,,winter,,
alight,belt,chance-across,degrade,enquire,fleck,go-on,hoist,insist,,,lobotomize,mineralize,,overlook,perplex,,rechallenge,second,throw-together,,,wipe,,
align,bemoan,chance-on,degrease,enrage,fledge,go-over,hold,inspect,,,lobulate,mingle,,overnight,persecute,,recharge,second-guess,throw-up,,,wire,,
alkalify,bench,change,degrit,enrapture,flee,go-without,hold-forth,inspire,,,localize,miniaturize,,overpay,persevere,,recheck,secrete,thrum,,,wireless,,
alkalize,bend,change-over,degum,enrich,fleece,goad,hold-off,inspissate,,,locate,minimise,,overplant,persist,,recirculate,section,thrust,,,wish,,
alkylate,benefit,channel,degut,enroll,flesh,gobble,hold-over,install,,,lock,minimize,,overpopulate,personalize,,recite,secularize,thud,,,wish-(that),,
allay,bequeath,channelize,dehair,ensconce,flex,goggle,hold-tongue,instigate,,,lock-up,minister,,overpower,personify,,reckon,secure,thumb,,,withdraw,,
allege,berate,chant,dehead,enshrine,flick,golf,hold-up,instill,,,lodge,mint,,overprice,perspire,,reclaim,sedate,thumbtack,,,wither,,
alleviate,bereave,chaperone,dehorn,enshroud,flicker,gondola,hole,institute,,,loft,mire,,overproduce,persuade,,reclassify,seduce,thump,,,withhold,,
alligator,berry,char,dehull,enslave,flight,goof,holiday,institutionalize,,,log,mirror,,overrate,pertain,,recline,see,thunder,,,withstand,,
allocate,berth,characterize,dehumidify,ensnare,flight-test,goose-step,holler,instruct,,,log-roll,mirv,,overreach,perturb,,recode,see-eye-to-eye,thunk,,,witness,,
allot,beseech,charbroil,dehusk,ensnarl,flight-test,goose-step,hollow,insufflate,,,loiter,misapprehend,,overreact,peruse,,recognize,seed,thwack,,,witter,,
allow,beset,charcoal,dehydrate,ensue,flinch,gore,holster,insulate,,,loll,misappropriate,,override,pervade,,recoil,seeing,thwap,,,wizen,,
allude,besiege,charcoal-broil,deice,ensure,fling,gorge,home-school,insult,,,lollop,misbehave,,overrule,pervert,,recollect,seek,thwart,,,wobble,,
allure,besmirch,charge,deify,entail,flip,gossip,homer,insure,,,long,miscalculate,,overrun,pester,,recombine,seem,tick,,,wolf,,
ally,best,chariot,deign,entangle,flip-flop,got-on,homogenize,integrate,,,look,mischaracterize,,oversee,pet,,recommence,seep,ticket,,,woman,,
alter,bestow,charm,deink,enter,flip-out,got-to,hone,intend,,,look-back,misconstrue,,oversell,petition,,recommend,seesaw,tickle,,,womanize,,
alternate,bestrew,chart,deject,entertain,flirt,gotta,honeycomb,intensify,,,lookit,misdiagnose,,overshadow,petrify,,recommit,seethe,tide,,,wonder,,
amalgamate,bestride,charter,delay,enthrall,flit,gouge,honeymoon,interact,,,loom,misdirect,,oversight,phase,,recompense,segment,tidy,,,woo,,
amass,bet,chase,delegate,enthrone,float,govern,honk,intercede,,,loop,misfire,,oversimplify,philander,,reconcile,segregate,tie,,,woof,,
amaze,bethink-oneself,chasten,delete,enthuse,flock,grab,honor,intercept,,,loose,misguide,,overspread,philosophize,,recondition,seize,tie-the-knot,,,woolgather,,
amble,betide,chastise,deliberate,entice,flog,grab-hold,honour,interchange,,,loosen,mishandle,,overstate,phone,,reconnect,select,tie-up,,,word,,
ambulate,betoken,chat,delight,entitle,flood,grace,hoodwink,interconnect,,,loot,misinterpret,,overstay,phone-in,,reconnoitre,self-adjust,tighten,,,work,,
ambush,betray,chatter,delimit,entomb,floor,grade,hook,interest,,,lop,misjudge,,overstep,phosphoresce,,reconsider,self-destruct,tile,,,work-out,,
ameliorate,betroth,chauffeur,delineate,entrain,flop,graduate,hoot,interfere,,,lope,mislay,,overstimulate,photocopy,,reconstitute,self-efface,till,,,work-through,,
amend,better,cheapen,delint,entrance,floss,graffiti,hoover,interject,,,lord,mislead,,overstock,photograph,,reconstruct,self-establish,tilt,,,workup,,
amerce,bewail,cheat,delist,entrap,flounce,graft,hop,interlace,,,lose,mismanage,,overstrain,phrase,,recontact,sell,time,,,worm,,
americanize,beware,check,deliver,entreat,flounder,grandstand,hope,interlard,,,lose-it,misplace,,overstress,pick,,reconvene,semaphore,tin,,,worry,,
amortize,bewilder,cheep,delouse,entrench,flour,grant,hopscotch,interleave,,,lose-sleep,mispronounce,,oversubscribe,pick-vpc,,record,send,tincture,,,worsen,,
amount,bewitch,cheer,delude,entrust,flouridate,granulate,horrify,interlink,,,lounge,misquote,,overtake,pick-off,,recount,send-away,ting,,,worship,,
amplify,bias,cheer-up,deluge,entwine,flourish,grapple,horsewhip,interlock,,,lour,misread,,overtax,pick-up,,recoup,send-up,tinge,,,wound,,
amputate,bicker,cheerlead,deluster,enumerate,flout,grasp,hose,interlope,,,louse,misrepresent,,overthink,picket,,recover,sensationalize,tingle,,,wow,,
amuse,bicycle,cherish,delve,enunciate,flow,grass,hospitalize,intermarry,,,louse-up,misroute,,overthrow,pickle,,recraft,sense,tinker,,,wrack,,
analyse,bid,chew,demagnetize,envelop,flower,grate,host,intermingle,,,love,miss,,overturn,pickpocket,,recreate,sensitize,tinkle,,,wrangle,,
analyze,bide,chicken,demagogue,envisage,flub,gratify,hound,intermix,,,low,misspell,,overuse,picnic,,recriminate,sentence,tinsel,,,wrap,,
anastamose,biff,chicken-out,demand,envision,fluctuate,gravel,house,intern,,,lower,misspend,,overvalue,picture,,recruit,sentimentalize,tint,,,wrap-up,,
anastomose,bifurcate,chide,demarcate,envy,fluff,gravitate,hover,internalize,,,lubricate,misstate,,overweight,pidgeonhole,,rectify,separate,tip,,,wreak,,
anchor,bike,chill,demast,epitomize,flummox,gray,howl,internationalize,,,luck,mist,,overwhelm,piece,,recuperate,septate,tip-hand,,,wreathe,,
anesthetize,bilk,chime,demean,epoxy,flunk,graze,huckster,interpolate,,,lug,mistake,,overwork,piece-together,,recur,sequester,tiptoe,,,wreck,,
anger,bill,chink,dement,equal,fluoresce,grease,huddle,interpose,,,lull,mistime,,owe,pierce,,recuse,sequin,tire,,,wrench,,
angioplasty,billet,chip,demilitarize,equalize,flush,green,huff,interpret,,,lumber,mistreat,,own,pigeonhole,,recycle,serenade,tisk,,,wrest,,
angle,billow,chir,demobilize,equate,fluster,greenlight,hug,interrelate,,,lump,mistrust,,oxidize,piggyback,,redact,sermonize,tithe,,,wrestle,,
anglicize,bin,chirp,democratize,equilibrate,flutter,greet,hulk,interrogate,,,lunch,misunderstand,,oxygenate,pigment,,redden,serve,titillate,,,wriggle,,
anguish,bind,chirrup,demolish,equip,flux,grieve,hull,interrupt,,,luncheon,misuse,,,pile,,redecorate,service,title,,,wriggle-out,,
angulate,biopsy,chisel,demonize,equivocate,fly,grill,hum,intersect,,,lunge,misword,,,pilfer,,redeem,set,titrate,,,wring,,
animalize,birch,chitchat,demonstrate,eradicate,fly-the-coop,grimace,humanize,intersperse,,,lurch,mitigate,,,pillory,,redefine,set-(upon),titter,,,wrinkle,,
animate,birdnest,chitter,demoralize,erase,foal,grin,humble,intertwine,,,lure,mix,,,pilot,,redeploy,set-about,toast,,,write,,
ankylose,birth,chlorinate,demote,erect,foam,grind,humidify,intervene,,,lurk,mizzle,,,pin,,redesign,set-fire,toboggan,,,write-down,,
annex,bisect,choke,demur,erode,fob-off,grip,humiliate,interview,,,lust,moan,,,pinch,,redetect,set-free,toddle,,,write-in,,
annihilate,bitch,chomp,demyelinate,err,focalize,gripe,humor,interweave,,,luteinize,mob,,,pine,,redevelop,set-off,toe,,,write-out,,
annotate,bite,choose,denationalize,eruct,focus,grit,hump,intimate,,,luxuriate,mobilize,,,ping,,redial,set-on-fire,tog,,,write-up,,
announce,bivouac,chop,denigrate,erupt,fog,groan,hunch,intimidate,,,,mock,,,pinion,,redirect,set-out,toggle,,,writhe,,
annoy,blab,choreograph,denominate,escalate,foil,grok,hunch-up,intone,,,,model,,,pink,,rediscover,set-store,toil,,,wrong,,
annualize,blabber,chortle,denote,escape,foist,groom,hunger,intoxicate,,,,modem,,,pinpoint,,rediscuss,set-up,tolerate,,,,,
annul,black,christen,denounce,eschew,fold,groove,hunker,intrigue,,,,moderate,,,pioneer,,redistribute,settle,toll,,,,,
anoint,black-out,christianize,dent,escort,foliate,grope,hunt,introduce,,,,modernize,,,pip,,redline,settle-down,tomb,,,,,
answer,blackberry,chrome,denude,espouse,follow,gross,hurl,intrude,,,,modify,,,pipe,,redo,settle-on,tone,,,,,
antagonize,blacken,chronicle,deny,espy,foment,grouch,hurry,inundate,,,,modulate,,,pipe-down,,redouble,sever,tool,,,,,
antedate,blacklist,chuck,deparaffinize,essay,fondle,ground,hurt,inure,,,,moil,,,pique,,redound,sew,tool-around,,,,,
anticipate,blackmail,chuckle,depart,establish,fool,group,hurtle,invade,,,,moisten,,,pirate,,redraw,sexually-assault,toot,,,,,
anticoagulate,blacktop,chug,depend,esteem,foot,grouping-templa.e,husband,invalidate,,,,moisturize,,,pirouette,,redress,shack,tootle,,,,,
antique,blame,chunk,depends,estimate,foozle,grouse,hush,inveigle,,,,mold,,,piss,,reduce,shack-up,top,,,,,
ape,blanch,chunter,depict,estrange,forage,grovel,hush-up,invent,,,,molder,,,piss-and-moan,,reduplicate,shackle,topple,,,,,
apologize,blanket,churn,deplane,etch,forbear,grow,husk,invert,,,,molest,,,pit,,reek,shade,torch,,,,,
apostatize,blare,cinch,deplete,eternalize,forbid,growl,hustle,invest,,,,mollify,,,pitch,,reel,shadow,torment,,,,,
appall,blaspheme,circle,deplore,eternize,force,grudge,hyalinize,investigate,,,,molt,,,pith,,reelect,shag,torpedo,,,,,
appeal,blast,circularize,deploy,etiolate,force-feed,grumble,hybridize,invigorate,,,,monetize,,,pity,,reenact,shake,torture,,,,,
appear,blat,circulate,depopulate,eulogize,force-out,grunt,hydrate,invite,,,,money,,,pivot,,reestablish,shamble,toss,,,,,
appease,blaze,circumcise,deport,europeanize,ford,guarantee,hydrogenate,invoice,,,,monitor,,,placate,,reevaluate,shame,tot,,,,,
append,bleach,circumscribe,depose,euthanize,forebode,guard,hydrolize,invoke,,,,monkey,,,place,,reeve,shampoo,total,,,,,
applaud,bleat,circumvent,deposit,evacuate,forecast,guess,hype,involve,,,,monogram,,,place-vpc,,reexamine,shanghai,tote,,,,,
applique,bleed,cite,deprecate,evade,foreclose,guesstimate,hyperbolize,iodize,,,,monopolize,,,place-weight,,reexcise,shape,totter,,,,,
apply,blemish,civilize,depreciate,evaluate,forego,guest,hypercontrol,ionize,,,,moo,,,plagiarize,,reexperience,share,touch,,,,,
appoint,blench,clack,depress,evaporate,foreknow,guffaw,hyperextend,irk,,,,moon,,,plague,,refashion,shark,touch-on,,,,,
apportion,blend,clad,depressurize,even,foresee,guide,hyperlink,iron,,,,moonlight,,,plait,,refer,sharpen,toughen,,,,,
appraise,bless,claim,deprive,eventuate,foreshadow,guillotine,hyperpigment,irradiate,,,,moor,,,plan,,referee,shatter,tour,,,,,
appreciate,blight,clam,derail,evert,forest,gull,hypertrophy,irrigate,,,,moot,,,plane,,reference,shave,tousle,,,,,
apprehend,blind,clamber,derange,evicerate,forestall,gulp,hyperventilate,irritate,,,,mop,,,plank,,refight,shawl,tout,,,,,
apprentice,blindfold,clamor,derat,evict,foretell,gum,hypnotize,irrupt,,,,mope,,,plant,,refile,shear,tow,,,,,
apprise,blink,clamp,deregulate,evidence,foretoken,gum-up,hypopigment,isolate,,,,moped,,,plash,,refill,sheathe,towel,,,,,
approach,blip,clang,derib,evince,forfeit,gun,,issue,,,,moralize,,,plaster,,refinance,shed,tower,,,,,
appropriate,blister,clank,deride,eviscerate,forge,gurgle,,it,,,,morph,,,plate,,refine,shell,toy,,,,,
approve,blitz,clap,derind,evoke,forget,gush,,itch,,,,mortgage,,,play,,refit,shell-out,trabeculate,,,,,
approximate,bloat,clarify,derive,evolve,forgive,gussy,,itemize,,,,mortify,,,play-vpc,,reflate,shellac,trace,,,,,
arbitrage,block,clash,desalinate,exacerbate,forgo,gust,,,,,,mosey,,,play-by-the-rules,,reflect,shelter,track,,,,,
arbitrate,blockade,clasp,desalt,exact,fork,gut,,,,,,mother,,,plea,,refocus,shelve,trade,,,,,
arch,blog,class,descale,exaggerate,form,gutter,,,,,,motion,,,plead,,reform,shepherd,trademark,,,,,
archive,blood,classify,descend,exalt,formalize,guzzle,,,,,,motivate,,,please,,reformat,shield,traduce,,,,,
argue,bloody,clatter,descend-(on),examine,format,,,,,,,motor,,,pledge,,reformulate,shift,trail,,,,,
arise,bloom,claw,describe,exasperate,formulate,,,,,,,motorbike,,,plink,,refract,shimmer,train,,,,,
arm,blossom,clay,descry,excavate,forsake,,,,,,,motorcycle,,,plod,,refrain,shimmy,traipse,,,,,
arm-twist,blot,clean,desecrate,exceed,fort,,,,,,,motorize,,,plonk,,refresh,shine,tram,,,,,
armor,blot-out,clean-vpc,desensitize,excel,fortify,,,,,,,mottle,,,plop,,refrigerate,shingle,trammel,,,,,
aromatize,blow,cleanse,desert,except,forward,,,,,,,mould,,,plot,,refuel,ship,tramp,,,,,
arouse,blow-cool,clear,deserve,excerpt,fossilize,,,,,,,moulder,,,plough,,refund,shipwreck,trample,,,,,
arraign,blow-it,clear-up,desex,exchange,foster,,,,,,,moult,,,plow,,refurbish,shirk,tranquilize,,,,,
arrange,blow-up,cleave,desiccate,excise,foul,,,,,,,mound,,,pluck,,refuse,shirr,transact,,,,,
array,blubber,clench,design,excite,foul-up,,,,,,,mount,,,plug,,refute,shit,transcend,,,,,
arrest,bludgeon,clerk,designate,exclaim,found,,,,,,,mourn,,,plumb,,regain,shitcan,transcribe,,,,,
arrive,bluff,click,desire,exclude,founder,,,,,,,mouth,,,plummet,,regale,shiver,transect,,,,,
arrogate,blunder,climax,desist,excommunicate,fowl,,,,,,,move,,,plump,,regard,shock,transfer,,,,,
art,blunt,climb,despair,excoriate,fox,,,,,,,move-back,,,plunder,,regenerate,shoe,transfix,,,,,
articulate,blur,clinch,despise,excrete,foxtrot,,,,,,,move-over,,,plunge,,register,shoehorn,transform,,,,,
ascend,blurt,cling,despoil,excruciate,fraction,,,,,,,move-up,,,plunk,,regress,shoo,transfuse,,,,,
ascertain,blush,clink,desprout,excuse,fractionate,,,,,,,mow,,,ply,,regret,shoot,transgress,,,,,
ascribe,bluster,clip,destabilize,execrate,fracture,,,,,,,muck,,,poach,,regroup,shoot-the-breeze,transit,,,,,
ask,board,cloak,destarch,execute,fragment,,,,,,,muck-up,,,pocket,,regrow,shop,transition,,,,,
asphalt,boast,clobber,destigmatize,exemplify,frame,,,,,,,muddle,,,pockmark,,regularize,shoplift,translate,,,,,
asphyxiate,boat,clock,destine,exempt,franchise,,,,,,,muddy,,,pod,,regulate,shore,transmit,,,,,
aspirate,bob,clog,destress,exercise,fray,,,,,,,muff,,,point,,regurgitate,short,transmogrify,,,,,
aspire,bobsled,cloister,destroy,exert,freak,,,,,,,muffle,,,point-to,,rehabilitate,short-circuit,transmute,,,,,
assail,bode,clomp,destruct,exfoliate,freak-out,,,,,,,mug,,,poise,,rehash,shortchange,transpire,,,,,
assassinate,bog,clone,detach,exhale,freckle,,,,,,,mulch,,,poison,,rehearse,shortcircuit,transplant,,,,,
assault,boggle,close,detail,exhaust,free,,,,,,,mulct,,,poke,,reheat,shorten,transport,,,,,
assay,boil,clot,detain,exhibit,freelance,,,,,,,mull,,,polarize,,rehire,should,transpose,,,,,
assemble,boil-down,clothe,detassel,exhilarate,freeze,,,,,,,mull-over,,,police,,reign,shoulder,transship,,,,,
assert,bollix,cloud,detect,exhort,french-fry,,,,,,,multi-task,,,polish,,reignite,shout,transverse,,,,,
assess,bollix-up,clout,deter,exhume,frequent,,,,,,,multiply,,,politicize,,reimage,shove,trap,,,,,
assign,bolshevize,clown,deteriorate,exile,freshen,,,,,,,mumble,,,polka,,reimagine,shovel,trash,,,,,
assimilate,bolster,cloy,determine,exist,fret,,,,,,,mummify,,,poll,,reimburse,show,traumatize,,,,,
assist,bolt,club,detest,exit,frighten,,,,,,,munch,,,pollard,,reimplant,show-up,travel,,,,,
associate,bomb,cluck,dethrone,exonerate,frisk,,,,,,,murder,,,pollinate,,reimpose,showcase,traverse,,,,,
assuage,bombard,clump,detonate,exorcise,fritter,,,,,,,murmur,,,pollute,,rein,shower,trawl,,,,,
assume,bond,clunk,detour,expand,frock,,,,,,,muscle,,,polymerize,,reincarnate,shpritz,tread,,,,,
assure,bone,cluster,detract,expatiate,frog-walk,,,,,,,muse,,,pomade,,reincorporate,shred,treasure,,,,,
astonish,bonk,clutch,detrain,expect,frolic,,,,,,,mushroom,,,ponder,,reindict,shriek,treat,,,,,
astound,boo,clutter,detusk,expectorate,front,,,,,,,must,,,pontificate,,reinforce,shrill,treble,,,,,
atomize,boogie,co-anchor,devalue,expedite,frost,,,,,,,muster,,,pony,,reinscribe,shrimp,tree,,,,,
atone,book,co-author,devastate,expel,froth,,,,,,,mutate,,,poo,,reinsert,shrink,trek,,,,,
atrophy,boom,co-chair,devein,expend,frown,,,,,,,mute,,,pooh-pooh,,reinstall,shrink-from,tremble,,,,,
attach,boost,co-edit,develop,experience,fructify,,,,,,,mutilate,,,pool,,reinstate,shrivel,trench,,,,,
attack,boot,co-exist,deviate,experiment,frustrate,,,,,,,mutiny,,,pootle,,reinstitute,shroud,trend,,,,,
attain,bootleg,co-found,devise,expiate,fry,,,,,,,mutter,,,pop,,reinsure,shrug,trespass,,,,,
attempt,booze,co-host,devolve,expire,fuck,,,,,,,muzzle,,,pop-up,,reintegrate,shuck,trick,,,,,
attend,bop,co-manage,devote,explain,fuck-up,,,,,,,,,,popularize,,reintroduce,shudder,trickle,,,,,
attenuate,border,co-occur,devour,explicate,fuddle,,,,,,,,,,populate,,reinvent,shuffle,trigger,,,,,
attest,bore,co-opt,dewater,explode,fudge,,,,,,,,,,pore,,reinvest,shun,trill,,,,,
attire,born,co-sponsor,dewax,exploit,fuel,,,,,,,,,,port,,reinvigorate,shunt,trim,,,,,
attract,borrow,co-star,deworm,explore,fulfil,,,,,,,,,,portend,,reiterate,shush,trip,,,,,
attribute,boss,co-star-(in),diagnose,export,fulfill,,,,,,,,,,portion,,reject,shut,triple,,,,,
attune,botch,coach,diagram,expose,fumble,,,,,,,,,,portray,,rejoice,shut-up,triumph,,,,,
auction,botch-up,coagulate,dial,expound,fume,,,,,,,,,,pose,,rejoin,shutter,trivialize,,,,,
audit,bother,coal,dialyse,express,fumigate,,,,,,,,,,posit,,rejuvenate,shuttle,troll,,,,,
audition,bottle,coalesce,dialyze,expropriate,function,,,,,,,,,,position,,rekindle,shy,trolley,,,,,
augment,bottlefeed,coarsen,diaper,expunge,fund,,,,,,,,,,possess,,relabel,sibilate,troop,,,,,
augur,bottleneck,coast,dice,expurgate,fundraise,,,,,,,,,,post,,relapse,sicken,trot,,,,,
authenticate,bottom,coat,dicker,exrete,fungate,,,,,,,,,,post-dilate,,relate,side,trouble,,,,,
author,bounce,coauthor,dictate,extend,funnel,,,,,,,,,,poster,,relaunch,sideline,trough,,,,,
authorize,bound,coax,diddle,exterminate,furlough,,,,,,,,,,postmark,,relax,sidestep,trounce,,,,,
autograph,bow,cobble,die,extinguish,furnish,,,,,,,,,,postpone,,relay,sidetrack,truck,,,,,
automate,bow-out,cock,diet,extirpate,furrow,,,,,,,,,,postulate,,relearn,sidle,trudge,,,,,
autopsy,bowdlerize,coddle,differ,extol,further,,,,,,,,,,posture,,release,sieve,trump,,,,,
avail,bowl,code,differential,extort,fuse,,,,,,,,,,pot,,relegate,sift,trumpet,,,,,
avail-oneself,box,codify,differentiate,extract,fuss,,,,,,,,,,pot-roast,,relent,sig,truncate,,,,,
avenge,boycott,coerce,diffract,extradite,,,,,,,,,,,potentiate,,relieve,sigh,truncheon,,,,,
aver,brace,coevolve,diffuse,extrapolate,,,,,,,,,,,potter,,relinquish,sight,trundle,,,,,
average,bracket,coexist,dig,extricate,,,,,,,,,,,pounce,,relish,sightsee,truss,,,,,
avert,brag,cohabit,digest,extrude,,,,,,,,,,,pound,,relive,sign,trust,,,,,
avoid,braid,cohere,dignify,extubate,,,,,,,,,,,pour,,reload,sign-vpc,trustee,,,,,
avouch,brain,coif,dilate,exude,,,,,,,,,,,pout,,relocate,sign-on,try,,,,,
avow,brainwash,coil,dilute,exult,,,,,,,,,,,powder,,rely,sign-up,tube,,,,,
avulse,braise,coin,dim,eye,,,,,,,,,,,power,,remain,signa,tuck,,,,,
await,brake,coincide,dime,,,,,,,,,,,,practice,,remake,signal,tug,,,,,
awake,branch,coldcream,diminish,,,,,,,,,,,,practise,,remand,signalize,tumble,,,,,
awaken,brand,collaborate,din,,,,,,,,,,,,praise,,remark,signify,tune,,,,,
award,brandish,collapse,dine,,,,,,,,,,,,prance,,remarry,silence,tunnel,,,,,
awe,brave,collar,ding,,,,,,,,,,,,prattle,,remaster,silhouette,turf,,,,,
,brawl,collate,dip,,,,,,,,,,,,prawn,,remedy,silicify,turn,,,,,
,bray,collateralize,direct,,,,,,,,,,,,pray,,remember,silkscreen,turn-down,,,,,
,brazen,collect,dirty,,,,,,,,,,,,pre-approve,,remind,silt,turn-in,,,,,
,breach,collide,disable,,,,,,,,,,,,pre-empt,,reminisce,silver,turn-off,,,,,
,bread,collocate,disabuse,,,,,,,,,,,,pre-negotiate,,remit,simmer,turn-on,,,,,
,break,collude,disadvantage,,,,,,,,,,,,pre-register,,remodel,simper,turn-up,,,,,
,break-vpc,colonize,disagree,,,,,,,,,,,,pre-separate,,remonstrate,simplify,tussle,,,,,
,break-apart,colonoscopy,disallow,,,,,,,,,,,,pre-set,,remove,simulate,tutor,,,,,
,break-down,color,disappear,,,,,,,,,,,,pre-test,,remunerate,sin,twang,,,,,
,break-out,colour,disappoint,,,,,,,,,,,,pre-try,,rename,sing,tweak,,,,,
,break-up,comb,disapprove,,,,,,,,,,,,preach,,rend,singe,tweet,,,,,
,breakfast,combat,disarm,,,,,,,,,,,,prearrange,,render,single,tweeze,,,,,
,breakthrough,combine,disassemble,,,,,,,,,,,,precassette,,rendezvous,sink,twiddle,,,,,
,breast,combust,disassociate,,,,,,,,,,,,precede,,renege,sinter,twig,,,,,
,breastfeed,come,disavow,,,,,,,,,,,,precipitate,,renegotiate,sip,twin,,,,,
,breathe,come-(across),disband,,,,,,,,,,,,preclude,,renew,siphon,twine,,,,,
,breathe-fresh-life,come-(upon),disbelieve,,,,,,,,,,,,predate,,renounce,sire,twinge,,,,,
,breathe-new-life,come-around,disburse,,,,,,,,,,,,predetermine,,renovate,sit,twinkle,,,,,
,breed,come-back,discard,,,,,,,,,,,,predicate,,renown,sit-down,twirl,,,,,
,breeze,come-clean,discern,,,,,,,,,,,,predict,,rent,sit-up,twist,,,,,
,brew,come-forward,discharge,,,,,,,,,,,,predispose,,reocclude,site,twitch,,,,,
,bribe,come-into-existence,discipline,,,,,,,,,,,,predominate,,reoccur,situate,twitter,,,,,
,brick,come-into-the-world,disclaim,,,,,,,,,,,,preempt,,reoffer,size,twotime,,,,,
,bridge,come-off,disclose,,,,,,,,,,,,preen,,reopen,sizzle,type,,,,,
,bridle,come-on-heels,discolor,,,,,,,,,,,,prefer,,reorganize,skate,type-in,,,,,
,brief,come-out,discombobulate,,,,,,,,,,,,prefigure,,reorient,skateboard,type-out,,,,,
,brigade,come-to,discomfit,,,,,,,,,,,,prefill,,repack,skedaddle,type-up,,,,,
,brighten,come-to-a-close,discompose,,,,,,,,,,,,preform,,repackage,sketch,typecast,,,,,
,brim,come-to-a-end,disconcert,,,,,,,,,,,,prejudge,,repaint,skew,typify,,,,,
,bring,come-to-be,disconnect,,,,,,,,,,,,prejudice,,repair,skewer,,,,,,
,bring-about,come-together,discontinue,,,,,,,,,,,,premeditate,,repass,ski,,,,,,
,bring-forth,come-up,discount,,,,,,,,,,,,premiere,,repatriate,skid,,,,,,
,bring-on,comfort,discourage,,,,,,,,,,,,premise,,repay,skim,,,,,,
,bring-to-mind,command,discourse,,,,,,,,,,,,preoccupy,,repeal,skimp,,,,,,
,bring-together,commandeer,discover,,,,,,,,,,,,prep,,repeat,skin,,,,,,
,bristle,commander,discredit,,,,,,,,,,,,prepare,,repel,skindive,,,,,,
,broach,commemorate,discriminate,,,,,,,,,,,,prepay,,repent,skip,,,,,,
,broadcast,commence,discuss,,,,,,,,,,,,prepossess,,rephrase,skipper,,,,,,
,broaden,commend,disdain,,,,,,,,,,,,presage,,replace,skirmish,,,,,,
,brocade,comment,disembark,,,,,,,,,,,,preschedule,,replant,skirt,,,,,,
,broil,commercialize,disembowel,,,,,,,,,,,,prescribe,,replaster,skitter,,,,,,
,broker,commingle,disenchant,,,,,,,,,,,,present,,replay,skulk,,,,,,
,bronze,comminute,disencumber,,,,,,,,,,,,preserve,,replenish,skydive,,,,,,
,brood,commiserate,disenfranchise,,,,,,,,,,,,preside,,replicate,skyrocket,,,,,,
,brook,commission,disengage,,,,,,,,,,,,press,,reply,slack,,,,,,
,browbeat,commit,disentangle,,,,,,,,,,,,pressure,,repopulate,slacken,,,,,,
,brown,commit-to-memory,disfigure,,,,,,,,,,,,pressurize,,report,slake,,,,,,
,browse,commodify,disgorge,,,,,,,,,,,,prestate,,repose,slalom,,,,,,
,bruise,communicate,disgrace,,,,,,,,,,,,presume,,reposition,slam,,,,,,
,brunch,commute,disgruntle,,,,,,,,,,,,presuppose,,repossess,slander,,,,,,
,brush,compact,disguise,,,,,,,,,,,,pretend,,repost,slang,,,,,,
,brush-((hair)),compare,disgust,,,,,,,,,,,,prettify,,reprehend,slant,,,,,,
,brush-((teeth)),compel,dish,,,,,,,,,,,,prevail,,represent,slap,,,,,,
,brutalize,compensate,dishearten,,,,,,,,,,,,prevaricate,,repress,slash,,,,,,
,bubble,compete,dishevel,,,,,,,,,,,,prevent,,reprice,slate,,,,,,
,buck,compile,dishonor,,,,,,,,,,,,preview,,reprimand,slather,,,,,,
,bucket,complain,dishonour,,,,,,,,,,,,prey,,reprint,slaughter,,,,,,
,buckle,complement,disillusion,,,,,,,,,,,,price,,reproach,slaver,,,,,,
,bud,complete,disincline,,,,,,,,,,,,prick,,reprobate,slay,,,,,,
,budge,complicate,disinfect,,,,,,,,,,,,prickle,,reprocess,sled,,,,,,
,budget,compliment,disinfest,,,,,,,,,,,,pride,,reproduce,sledge,,,,,,
,buff,comply,disinherit,,,,,,,,,,,,prime,,reprove,sleep,,,,,,
,buffer,comport,disintegrate,,,,,,,,,,,,primp,,repudiate,sleep-over,,,,,,
,buffet,compose,disinter,,,,,,,,,,,,print,,repulse,sleep-with,,,,,,
,bug,compost,disinvite,,,,,,,,,,,,print-out,,repurchase,sleepwalk,,,,,,
,build,compound,dislike,,,,,,,,,,,,print-up,,repute,sleet,,,,,,
,bulge,comprehend,dislocate,,,,,,,,,,,,prioritize,,request,sleigh,,,,,,
,bulk,compress,dislodge,,,,,,,,,,,,prise,,require,slice,,,,,,
,bull,comprise,dismantle,,,,,,,,,,,,privatize,,requisition,slide,,,,,,
,bulldoze,compromise,dismay,,,,,,,,,,,,privilege,,reread,slim,,,,,,
,bullet,compute,dismember,,,,,,,,,,,,prize,,rerelease,slime,,,,,,
,bullock,computerize,dismiss,,,,,,,,,,,,probe,,reroute,sling,,,,,,
,bullshit,con,dismount,,,,,,,,,,,,proceed,,rerun,slink,,,,,,
,bully,concatenate,disobey,,,,,,,,,,,,process,,reschedule,slip,,,,,,
,bumble,conceal,disorganize,,,,,,,,,,,,proclaim,,rescind,slip-on,,,,,,
,bump,concede,disorient,,,,,,,,,,,,procrastinate,,rescue,slipcover,,,,,,
,bunch,conceive,disown,,,,,,,,,,,,procure,,research,slit,,,,,,
,bundle,concentrate,disparage,,,,,,,,,,,,prod,,reseat,slither,,,,,,
,bungle,conceptualize,dispatch,,,,,,,,,,,,produce,,resect,sliver,,,,,,
,bunk,concern,dispel,,,,,,,,,,,,profess,,resell,slobber,,,,,,
,bunker,conciliate,dispense,,,,,,,,,,,,proffer,,resemble,slog,,,,,,
,bunt,conclude,disperse,,,,,,,,,,,,profile,,resent,slop,,,,,,
,buoy,concoct,dispirit,,,,,,,,,,,,profit,,reserve,slope,,,,,,
,burble,concrete,displace,,,,,,,,,,,,profiteer,,reset,slosh,,,,,,
,burden,concur,display,,,,,,,,,,,,prognosticate,,resettle,slouch,,,,,,
,burgeon,condemn,displease,,,,,,,,,,,,program,,reshape,slow,,,,,,
,burglarize,condense,dispose,,,,,,,,,,,,programme,,reshuffle,slug,,,,,,
,burgle,condescend,dispossess,,,,,,,,,,,,progress,,reside,sluice,,,,,,
,burl,condition,disprefer,,,,,,,,,,,,prohibit,,resign,slumber,,,,,,
,burn,condone,disprove,,,,,,,,,,,,project,,resile,slump,,,,,,
,burnish,conduct,dispute,,,,,,,,,,,,proliferate,,resist,slur,,,,,,
,burp,cone,disqualify,,,,,,,,,,,,prolong,,resolve,slurp,,,,,,
,burr,cone-down,disquiet,,,,,,,,,,,,promenade,,resonate,smack,,,,,,
,burrow,confabulate,disregard,,,,,,,,,,,,promise,,resorb,smart,,,,,,
,burst,confederate,disrespect,,,,,,,,,,,,promote,,resort,smarten,,,,,,
,bury,confer,disrobe,,,,,,,,,,,,prompt,,resound,smash,,,,,,
,bus,confess,disrupt,,,,,,,,,,,,promulgate,,respect,smatter,,,,,,
,bushwhack,confide,dissatisfy,,,,,,,,,,,,pronounce,,respire,smear,,,,,,
,bust,configure,dissect,,,,,,,,,,,,proof,,respond,smell,,,,,,
,bust-out,confine,dissemble,,,,,,,,,,,,proof-read,,rest,smile,,,,,,
,bustle,confirm,disseminate,,,,,,,,,,,,proofread,,restage,smirk,,,,,,
,butcher,confiscate,dissent,,,,,,,,,,,,prop,,restart,smite,,,,,,
,butler,conflate,dissimilate,,,,,,,,,,,,propagandize,,restate,smoke,,,,,,
,butt,conflict,dissimulate,,,,,,,,,,,,propagate,,restore,smolder,,,,,,
,butter,conform,dissipate,,,,,,,,,,,,propel,,restrain,smooth,,,,,,
,button,confound,dissociate,,,,,,,,,,,,prophesy,,restretch,smoothen,,,,,,
,button-lip,confront,dissolve,,,,,,,,,,,,proportion,,restrict,smother,,,,,,
,buttonhole,confuse,dissuade,,,,,,,,,,,,propose,,restructure,smoulder,,,,,,
,buttress,conga,distance,,,,,,,,,,,,proscribe,,restudy,smudge,,,,,,
,buy,congeal,distemper,,,,,,,,,,,,prosecute,,resubmit,smuggle,,,,,,
,buzz,congest,distend,,,,,,,,,,,,proselytize,,result,smut,,,,,,
,by-elect,congratulate,distil,,,,,,,,,,,,prospect,,resume,snack,,,,,,
,,congregate,distill,,,,,,,,,,,,prosper,,resupply,snag,,,,,,
,,conjecture,distinguish,,,,,,,,,,,,prostitute,,resurface,snail,,,,,,
,,conjoin,distort,,,,,,,,,,,,prostrate,,resurge,snake,,,,,,
,,conjugate,distract,,,,,,,,,,,,protect,,resurrect,snap,,,,,,
,,conjure,distrain,,,,,,,,,,,,protest,,resuscitate,snare,,,,,,
,,conk,distress,,,,,,,,,,,,protract,,retail,snarl,,,,,,
,,connect,distribute,,,,,,,,,,,,protrude,,retain,snatch,,,,,,
,,connote,distrust,,,,,,,,,,,,prove,,retake,snatch-away,,,,,,
,,conquer,disturb,,,,,,,,,,,,provide,,retaliate,sneak,,,,,,
,,consecrate,ditch,,,,,,,,,,,,provision,,retard,sneer,,,,,,
,,consent,dither,,,,,,,,,,,,provoke,,retch,sneeze,,,,,,
,,conserve,diurese,,,,,,,,,,,,prowl,,retest,snicker,,,,,,
,,consider,dive,,,,,,,,,,,,prune,,retether,sniff,,,,,,
,,consign,diverge,,,,,,,,,,,,pry,,rethink,sniffle,,,,,,
,,consist,diversify,,,,,,,,,,,,psych,,reticulate,snigger,,,,,,
,,console,divert,,,,,,,,,,,,publicize,,retie,snip,,,,,,
,,consolidate,divest,,,,,,,,,,,,publish,,retire,snipe,,,,,,
,,consort,divide,,,,,,,,,,,,pucker,,retool,snitch,,,,,,
,,conspire,divorce,,,,,,,,,,,,puff,,retort,snivel,,,,,,
,,constellate,divulge,,,,,,,,,,,,puke,,retrace,snoop,,,,,,
,,constipate,divvy,,,,,,,,,,,,pull,,retract,snooze,,,,,,
,,constitute,dizzy,,,,,,,,,,,,pull-(out),,retrain,snore,,,,,,
,,constitutionalize,do,,,,,,,,,,,,pull-away,,retreat,snorkel,,,,,,
,,constrain,do-duty,,,,,,,,,,,,pull-leg,,retrench,snort,,,,,,
,,constrict,do-it,,,,,,,,,,,,pull-off,,retrial,snow,,,,,,
,,constringe,do-something-about,,,,,,,,,,,,pull-on,,retrieve,snowball,,,,,,
,,construct,do-the-trick,,,,,,,,,,,,pull-out,,retrofit,snub,,,,,,
,,construe,do-without,,,,,,,,,,,,pull-the-wool-over-(someone's)-eyes,,retrograde,snuff,,,,,,
,,consult,dock,,,,,,,,,,,,pullulate,,retrogress,snuffle,,,,,,
,,consume,doctor,,,,,,,,,,,,pulp,,retry,snuggle,,,,,,
,,consummate,document,,,,,,,,,,,,pulsate,,return,soak,,,,,,
,,contact,dodder,,,,,,,,,,,,pulse,,retweet,soap,,,,,,
,,contain,dodge,,,,,,,,,,,,pulverize,,reunite,soar,,,,,,
,,contaminate,doff,,,,,,,,,,,,pummel,,reup,sob,,,,,,
,,contemplate,dog,,,,,,,,,,,,pump,,reuse,sober,,,,,,
,,contemporize,dogsled,,,,,,,,,,,,punch,,rev,socialize,,,,,,
,,contend,dole,,,,,,,,,,,,punctuate,,revalue,sock,,,,,,
,,content,doll,,,,,,,,,,,,puncture,,revamp,sockdologize,,,,,,
,,contest,dollarize,,,,,,,,,,,,punish,,revascularize,sod,,,,,,
,,contextualize,domesticate,,,,,,,,,,,,punt,,reveal,softboil,,,,,,
,,continue,dominate,,,,,,,,,,,,pup,,revel,soften,,,,,,
,,contort,don,,,,,,,,,,,,purchase,,revenge,soil,,,,,,
,,contract,donate,,,,,,,,,,,,purge,,reverberate,sojourn,,,,,,
,,contradict,dong,,,,,,,,,,,,purify,,revere,solace,,,,,,
,,contraflow,doodle,,,,,,,,,,,,purl,,reverse,solarize,,,,,,
,,contraindicate,doom,,,,,,,,,,,,purloin,,revert,solder,,,,,,
,,contrast,dope,,,,,,,,,,,,purple,,review,soldier,,,,,,
,,contravene,dose,,,,,,,,,,,,purport,,revile,sole,,,,,,
,,contribute,dot,,,,,,,,,,,,purpose,,revise,solemnize,,,,,,
,,contrive,double,,,,,,,,,,,,purr,,revisit,solicit,,,,,,
,,control,double-check,,,,,,,,,,,,purse,,revitalize,solidify,,,,,,
,,contuse,double-cross,,,,,,,,,,,,pursue,,revive,solve,,,,,,
,,convalesce,double-wrap,,,,,,,,,,,,push,,revoke,somersault,,,,,,
,,convene,doublecross,,,,,,,,,,,,push-vpc,,revolt,soothe,,,,,,
,,converge,doubt,,,,,,,,,,,,pussyfoot,,revolutionize,soothsay,,,,,,
,,converse,douse,,,,,,,,,,,,put,,revolve,sop,,,,,,
,,convert,dovetail,,,,,,,,,,,,put-vpc,,reward,sorrow,,,,,,
,,convey,down,,,,,,,,,,,,put-an-end-to,,rework,sort,,,,,,
,,convict,downgrade,,,,,,,,,,,,put-away,,rewrite,sort-out,,,,,,
,,convince,downlink,,,,,,,,,,,,put-back,,rhapsodize,sough,,,,,,
,,convoke,download,,,,,,,,,,,,put-in-mind-(of),,rhyme,soulsearch,,,,,,
,,convolute,downplay,,,,,,,,,,,,put-into-words,,rickshaw,sound,,,,,,
,,convulse,downshift,,,,,,,,,,,,put-off,,rid,sour,,,,,,
,,coo,downsize,,,,,,,,,,,,put-on,,ridden,source,,,,,,
,,cook,doze,,,,,,,,,,,,put-over,,riddle,souse,,,,,,
,,cook-up,doze-off,,,,,,,,,,,,put-to-death,,ride,sovietize,,,,,,
,,cool,draft,,,,,,,,,,,,put-together,,ridicule,sow,,,,,,
,,cool-down,drag,,,,,,,,,,,,putrefy,,riff,space,,,,,,
,,cool-off,drag-on,,,,,,,,,,,,putter,,riffle,span,,,,,,
,,coop,dragoon,,,,,,,,,,,,putty,,rifle,spank,,,,,,
,,cooperate,drain,,,,,,,,,,,,putty-duddy,,rig,spar,,,,,,
,,coordinate,drape,,,,,,,,,,,,putz,,right,spare,,,,,,
,,cop,draw,,,,,,,,,,,,puzzle,,right-size,spark,,,,,,
,,cope,draw-blank,,,,,,,,,,,,puzzle-out,,rile,sparkle,,,,,,
,,copy,draw-to-a-close,,,,,,,,,,,,,,rim,spat,,,,,,
,,copyright,draw-to-a-end,,,,,,,,,,,,,,rind,spatter,,,,,,
,,cordon,drawl,,,,,,,,,,,,,,ring,spawn,,,,,,
,,core,dread,,,,,,,,,,,,,,ring-a-bell,speak,,,,,,
,,cork,dream,,,,,,,,,,,,,,ring-up,spear,,,,,,
,,corner,dredge,,,,,,,,,,,,,,rinse,spearhead,,,,,,
,,coronate,drench,,,,,,,,,,,,,,riot,specialize,,,,,,
,,corral,dress,,,,,,,,,,,,,,rip,specify,,,,,,
,,correct,dress-up,,,,,,,,,,,,,,rip-up,speckle,,,,,,
,,correlate,dribble,,,,,,,,,,,,,,ripen,speculate,,,,,,
,,correspond,drift,,,,,,,,,,,,,,ripple,speed,,,,,,
,,corroborate,drift-off,,,,,,,,,,,,,,rise,spell,,,,,,
,,corrode,drill,,,,,,,,,,,,,,rise-to-the-occasion,spellbind,,,,,,
,,corrugate,drink,,,,,,,,,,,,,,risk,spend,,,,,,
,,corrupt,drip,,,,,,,,,,,,,,rissole,spew,,,,,,
,,coruscate,drive,,,,,,,,,,,,,,rival,spice,,,,,,
,,cosh,drizzle,,,,,,,,,,,,,,rive,spike,,,,,,
,,cosset,drone,,,,,,,,,,,,,,rivet,spill,,,,,,
,,cost,drool,,,,,,,,,,,,,,roam,spill-beans,,,,,,
,,costume,droop,,,,,,,,,,,,,,roar,spin,,,,,,
,,couch,drop,,,,,,,,,,,,,,roast,spindle,,,,,,
,,cough,drop-vpc,,,,,,,,,,,,,,rob,spiral,,,,,,
,,coumadinize,drown,,,,,,,,,,,,,,rob-blind,spirit,,,,,,
,,counsel,drowse,,,,,,,,,,,,,,robe,spiritualize,,,,,,
,,count,drug,,,,,,,,,,,,,,rock,spit,,,,,,
,,count-(on),drum,,,,,,,,,,,,,,rocket,splash,,,,,,
,,countenance,dry,,,,,,,,,,,,,,rodomontade,splatter,,,,,,
,,counter,dry-off,,,,,,,,,,,,,,roil,splay,,,,,,
,,counteract,dry-out,,,,,,,,,,,,,,roll,splice,,,,,,
,,counterattack,dry-up,,,,,,,,,,,,,,romance,splint,,,,,,
,,counterbalance,drydock,,,,,,,,,,,,,,romanticize,splinter,,,,,,
,,counterchallenge,dub,,,,,,,,,,,,,,romp,split,,,,,,
,,counterfeit,duck,,,,,,,,,,,,,,roof,sploosh,,,,,,
,,counterprogram,duel,,,,,,,,,,,,,,room,splotch,,,,,,
,,countersue,dull,,,,,,,,,,,,,,roost,splutter,,,,,,
,,countervail,dumbfound,,,,,,,,,,,,,,root,spoil,,,,,,
,,couple,dump,,,,,,,,,,,,,,rope,sponge,,,,,,
,,course,dunk,,,,,,,,,,,,,,rosin,sponsor,,,,,,
,,court,dupe,,,,,,,,,,,,,,rot,spook,,,,,,
,,covenant,duplicate,,,,,,,,,,,,,,rotate,spool,,,,,,
,,cover,dust,,,,,,,,,,,,,,rouge,spoon,,,,,,
,,covet,dwarf,,,,,,,,,,,,,,rough,spoon-feed,,,,,,
,,cow,dwell,,,,,,,,,,,,,,roughen,spoonfeed,,,,,,
,,cower,dwell-(on),,,,,,,,,,,,,,round,sport,,,,,,
,,cowrite,dwindle,,,,,,,,,,,,,,rouse,spot,,,,,,
,,cox,dye,,,,,,,,,,,,,,roust,spotlight,,,,,,
,,cozen,dyke,,,,,,,,,,,,,,rout,spout,,,,,,
,,crab,,,,,,,,,,,,,,,route,sprain,,,,,,
,,crack,,,,,,,,,,,,,,,rove,sprawl,,,,,,
,,crackle,,,,,,,,,,,,,,,row,sprawl-out,,,,,,
,,cradle,,,,,,,,,,,,,,,rtc,spray,,,,,,
,,craft,,,,,,,,,,,,,,,rub,spraypaint,,,,,,
,,cram,,,,,,,,,,,,,,,rubberize,spread,,,,,,
,,cramp,,,,,,,,,,,,,,,rubricate,spread-eagle,,,,,,
,,crane,,,,,,,,,,,,,,,rue,spring,,,,,,
,,crank,,,,,,,,,,,,,,,ruffle,spring-up,,,,,,
,,crash,,,,,,,,,,,,,,,ruin,spring-up,,,,,,
,,crash-test,,,,,,,,,,,,,,,rule,sprinkle,,,,,,
,,crate,,,,,,,,,,,,,,,rumba,sprint,,,,,,
,,crave,,,,,,,,,,,,,,,rumble,spritz,,,,,,
,,crawl,,,,,,,,,,,,,,,ruminate,sprout,,,,,,
,,crayon,,,,,,,,,,,,,,,rummage,spruce,,,,,,
,,craze,,,,,,,,,,,,,,,rumor,spur,,,,,,
,,creak,,,,,,,,,,,,,,,rumour,spurn,,,,,,
,,cream,,,,,,,,,,,,,,,rumple,spurt,,,,,,
,,crease,,,,,,,,,,,,,,,run,sputter,,,,,,
,,create,,,,,,,,,,,,,,,run-vpc,spy,,,,,,
,,credential,,,,,,,,,,,,,,,run-away,spy-out,,,,,,
,,credit,,,,,,,,,,,,,,,run-through,spy-out-the-land,,,,,,
,,creep,,,,,,,,,,,,,,,rupture,squabble,,,,,,
,,cremate,,,,,,,,,,,,,,,rush,squall,,,,,,
,,crepitate,,,,,,,,,,,,,,,rust,squander,,,,,,
,,crest,,,,,,,,,,,,,,,rusticate,square,,,,,,
,,crew,,,,,,,,,,,,,,,rustle,squaredance,,,,,,
,,criminalize,,,,,,,,,,,,,,,,squash,,,,,,
,,crimp,,,,,,,,,,,,,,,,squat,,,,,,
,,crimson,,,,,,,,,,,,,,,,squat-down,,,,,,
,,cringe,,,,,,,,,,,,,,,,squawk,,,,,,
,,crinkle,,,,,,,,,,,,,,,,squeak,,,,,,
,,cripple,,,,,,,,,,,,,,,,squeal,,,,,,
,,crisp,,,,,,,,,,,,,,,,squeegee,,,,,,
,,crisscross,,,,,,,,,,,,,,,,squeeze,,,,,,
,,criticize,,,,,,,,,,,,,,,,squelch,,,,,,
,,critique,,,,,,,,,,,,,,,,squint,,,,,,
,,croak,,,,,,,,,,,,,,,,squirm,,,,,,
,,croak-it,,,,,,,,,,,,,,,,squirt,,,,,,
,,crochet,,,,,,,,,,,,,,,,squish,,,,,,
,,crook,,,,,,,,,,,,,,,,stab,,,,,,
,,croon,,,,,,,,,,,,,,,,stabb,,,,,,
,,crop,,,,,,,,,,,,,,,,stabilize,,,,,,
,,cross,,,,,,,,,,,,,,,,stable,,,,,,
,,cross-examine,,,,,,,,,,,,,,,,stack,,,,,,
,,cross-pollinate,,,,,,,,,,,,,,,,stack-up,,,,,,
,,cross-reference,,,,,,,,,,,,,,,,staff,,,,,,
,,crosspollinate,,,,,,,,,,,,,,,,stage,,,,,,
,,crouch,,,,,,,,,,,,,,,,stagewhisper,,,,,,
,,crouch-down,,,,,,,,,,,,,,,,stagger,,,,,,
,,crow,,,,,,,,,,,,,,,,stagnate,,,,,,
,,crowd,,,,,,,,,,,,,,,,stain,,,,,,
,,crown,,,,,,,,,,,,,,,,stake,,,,,,
,,crucify,,,,,,,,,,,,,,,,stalk,,,,,,
,,cruise,,,,,,,,,,,,,,,,stall,,,,,,
,,crumb,,,,,,,,,,,,,,,,stammer,,,,,,
,,crumble,,,,,,,,,,,,,,,,stamp,,,,,,
,,crump,,,,,,,,,,,,,,,,stamp-down,,,,,,
,,crumple,,,,,,,,,,,,,,,,stampede,,,,,,
,,crunch,,,,,,,,,,,,,,,,stanch,,,,,,
,,crush,,,,,,,,,,,,,,,,stand,,,,,,
,,crust,,,,,,,,,,,,,,,,stand-vpc,,,,,,
,,cry,,,,,,,,,,,,,,,,stand-down,,,,,,
,,crystallize,,,,,,,,,,,,,,,,stand-up,,,,,,
,,cub,,,,,,,,,,,,,,,,standardize,,,,,,
,,cube,,,,,,,,,,,,,,,,staple,,,,,,
,,cuckold,,,,,,,,,,,,,,,,star,,,,,,
,,cuckoo,,,,,,,,,,,,,,,,star-(in),,,,,,
,,cuddle,,,,,,,,,,,,,,,,starch,,,,,,
,,cudgel,,,,,,,,,,,,,,,,stare,,,,,,
,,cuff,,,,,,,,,,,,,,,,start,,,,,,
,,cull,,,,,,,,,,,,,,,,start-fire,,,,,,
,,culminate,,,,,,,,,,,,,,,,start-off,,,,,,
,,cultivate,,,,,,,,,,,,,,,,startle,,,,,,
,,culture,,,,,,,,,,,,,,,,starve,,,,,,
,,cum,,,,,,,,,,,,,,,,stash,,,,,,
,,cup,,,,,,,,,,,,,,,,state,,,,,,
,,curb,,,,,,,,,,,,,,,,station,,,,,,
,,curdle,,,,,,,,,,,,,,,,stave,,,,,,
,,cure,,,,,,,,,,,,,,,,stave-off,,,,,,
,,curl,,,,,,,,,,,,,,,,stay,,,,,,
,,curry,,,,,,,,,,,,,,,,stay-vpc,,,,,,
,,curse,,,,,,,,,,,,,,,,stay-away,,,,,,
,,curtail,,,,,,,,,,,,,,,,stay-over,,,,,,
,,curtain,,,,,,,,,,,,,,,,steady,,,,,,
,,curtsey,,,,,,,,,,,,,,,,steal,,,,,,
,,curtsy,,,,,,,,,,,,,,,,steam,,,,,,
,,curve,,,,,,,,,,,,,,,,steam-bake,,,,,,
,,cushion,,,,,,,,,,,,,,,,steamroller,,,,,,
,,customize,,,,,,,,,,,,,,,,steel,,,,,,
,,cut,,,,,,,,,,,,,,,,steep,,,,,,
,,,,,,,,,,,,,,,,,,steepen,,,,,,
,,,,,,,,,,,,,,,,,,steer,,,,,,
,,,,,,,,,,,,,,,,,,stem,,,,,,
,,,,,,,,,,,,,,,,,,stemmer,,,,,,
,,,,,,,,,,,,,,,,,,stencil,,,,,,
,,,,,,,,,,,,,,,,,,stenose,,,,,,
,,,,,,,,,,,,,,,,,,stent,,,,,,
,,,,,,,,,,,,,,,,,,step,,,,,,
,,,,,,,,,,,,,,,,,,step-down,,,,,,
,,,,,,,,,,,,,,,,,,step-up,,,,,,
,,,,,,,,,,,,,,,,,,stereotype,,,,,,
,,,,,,,,,,,,,,,,,,sterilize,,,,,,
,,,,,,,,,,,,,,,,,,stew,,,,,,
,,,,,,,,,,,,,,,,,,stick,,,,,,
,,,,,,,,,,,,,,,,,,stick-up,,,,,,
,,,,,,,,,,,,,,,,,,stiffen,,,,,,
,,,,,,,,,,,,,,,,,,stifle,,,,,,
,,,,,,,,,,,,,,,,,,stigmatize,,,,,,
,,,,,,,,,,,,,,,,,,still,,,,,,
,,,,,,,,,,,,,,,,,,stimulate,,,,,,
,,,,,,,,,,,,,,,,,,sting,,,,,,
,,,,,,,,,,,,,,,,,,stink,,,,,,
,,,,,,,,,,,,,,,,,,stipple,,,,,,
,,,,,,,,,,,,,,,,,,stipulate,,,,,,
,,,,,,,,,,,,,,,,,,stir,,,,,,
,,,,,,,,,,,,,,,,,,stir-fry,,,,,,
,,,,,,,,,,,,,,,,,,stir-up,,,,,,
,,,,,,,,,,,,,,,,,,stitch,,,,,,
,,,,,,,,,,,,,,,,,,stock,,,,,,
,,,,,,,,,,,,,,,,,,stockpile,,,,,,
,,,,,,,,,,,,,,,,,,stoke,,,,,,
,,,,,,,,,,,,,,,,,,stomach,,,,,,
,,,,,,,,,,,,,,,,,,stomp,,,,,,
,,,,,,,,,,,,,,,,,,stone,,,,,,
,,,,,,,,,,,,,,,,,,stonewall,,,,,,
,,,,,,,,,,,,,,,,,,stooge,,,,,,
,,,,,,,,,,,,,,,,,,stool,,,,,,
,,,,,,,,,,,,,,,,,,stoop,,,,,,
,,,,,,,,,,,,,,,,,,stop,,,,,,
,,,,,,,,,,,,,,,,,,stop-up,,,,,,
,,,,,,,,,,,,,,,,,,stopper,,,,,,
,,,,,,,,,,,,,,,,,,store,,,,,,
,,,,,,,,,,,,,,,,,,storm,,,,,,
,,,,,,,,,,,,,,,,,,stow,,,,,,
,,,,,,,,,,,,,,,,,,stow-it,,,,,,
,,,,,,,,,,,,,,,,,,straddle,,,,,,
,,,,,,,,,,,,,,,,,,strafe,,,,,,
,,,,,,,,,,,,,,,,,,straggle,,,,,,
,,,,,,,,,,,,,,,,,,straighten,,,,,,
,,,,,,,,,,,,,,,,,,strain,,,,,,
,,,,,,,,,,,,,,,,,,strand,,,,,,
,,,,,,,,,,,,,,,,,,strangle,,,,,,
,,,,,,,,,,,,,,,,,,strangulate,,,,,,
,,,,,,,,,,,,,,,,,,strap,,,,,,
,,,,,,,,,,,,,,,,,,strategize,,,,,,
,,,,,,,,,,,,,,,,,,stratify,,,,,,
,,,,,,,,,,,,,,,,,,stray,,,,,,
,,,,,,,,,,,,,,,,,,streak,,,,,,
,,,,,,,,,,,,,,,,,,stream,,,,,,
,,,,,,,,,,,,,,,,,,streamline,,,,,,
,,,,,,,,,,,,,,,,,,strengthen,,,,,,
,,,,,,,,,,,,,,,,,,stress,,,,,,
,,,,,,,,,,,,,,,,,,stretch,,,,,,
,,,,,,,,,,,,,,,,,,strew,,,,,,
,,,,,,,,,,,,,,,,,,stride,,,,,,
,,,,,,,,,,,,,,,,,,stridulate,,,,,,
,,,,,,,,,,,,,,,,,,strike,,,,,,
,,,,,,,,,,,,,,,,,,strike-up,,,,,,
,,,,,,,,,,,,,,,,,,string,,,,,,
,,,,,,,,,,,,,,,,,,strip,,,,,,
,,,,,,,,,,,,,,,,,,strip-off,,,,,,
,,,,,,,,,,,,,,,,,,strive,,,,,,
,,,,,,,,,,,,,,,,,,stroke,,,,,,
,,,,,,,,,,,,,,,,,,stroll,,,,,,
,,,,,,,,,,,,,,,,,,strop,,,,,,
,,,,,,,,,,,,,,,,,,structure,,,,,,
,,,,,,,,,,,,,,,,,,struggle,,,,,,
,,,,,,,,,,,,,,,,,,strut,,,,,,
,,,,,,,,,,,,,,,,,,stub,,,,,,
,,,,,,,,,,,,,,,,,,stucco,,,,,,
,,,,,,,,,,,,,,,,,,stud,,,,,,
,,,,,,,,,,,,,,,,,,study,,,,,,
,,,,,,,,,,,,,,,,,,stuff,,,,,,
,,,,,,,,,,,,,,,,,,stultify,,,,,,
,,,,,,,,,,,,,,,,,,stumble,,,,,,
,,,,,,,,,,,,,,,,,,stump,,,,,,
,,,,,,,,,,,,,,,,,,stun,,,,,,
,,,,,,,,,,,,,,,,,,stunt,,,,,,
,,,,,,,,,,,,,,,,,,stupefy,,,,,,
,,,,,,,,,,,,,,,,,,stutter,,,,,,
,,,,,,,,,,,,,,,,,,style,,,,,,
,,,,,,,,,,,,,,,,,,stymie,,,,,,
,,,,,,,,,,,,,,,,,,subcontract,,,,,,
,,,,,,,,,,,,,,,,,,subdivide,,,,,,
,,,,,,,,,,,,,,,,,,subdue,,,,,,
,,,,,,,,,,,,,,,,,,subject,,,,,,
,,,,,,,,,,,,,,,,,,subjugate,,,,,,
,,,,,,,,,,,,,,,,,,sublet,,,,,,
,,,,,,,,,,,,,,,,,,sublimate,,,,,,
,,,,,,,,,,,,,,,,,,sublime,,,,,,
,,,,,,,,,,,,,,,,,,sublux,,,,,,
,,,,,,,,,,,,,,,,,,submerge,,,,,,
,,,,,,,,,,,,,,,,,,submit,,,,,,
,,,,,,,,,,,,,,,,,,subordinate,,,,,,
,,,,,,,,,,,,,,,,,,suborn,,,,,,
,,,,,,,,,,,,,,,,,,subpoena,,,,,,
,,,,,,,,,,,,,,,,,,subscribe,,,,,,
,,,,,,,,,,,,,,,,,,subselect,,,,,,
,,,,,,,,,,,,,,,,,,subside,,,,,,
,,,,,,,,,,,,,,,,,,subsidize,,,,,,
,,,,,,,,,,,,,,,,,,subsist,,,,,,
,,,,,,,,,,,,,,,,,,substantiate,,,,,,
,,,,,,,,,,,,,,,,,,substitute,,,,,,
,,,,,,,,,,,,,,,,,,subsume,,,,,,
,,,,,,,,,,,,,,,,,,subtitle,,,,,,
,,,,,,,,,,,,,,,,,,subtract,,,,,,
,,,,,,,,,,,,,,,,,,subvert,,,,,,
,,,,,,,,,,,,,,,,,,succeed,,,,,,
,,,,,,,,,,,,,,,,,,succor,,,,,,
,,,,,,,,,,,,,,,,,,succumb,,,,,,
,,,,,,,,,,,,,,,,,,suck,,,,,,
,,,,,,,,,,,,,,,,,,suckle,,,,,,
,,,,,,,,,,,,,,,,,,suction,,,,,,
,,,,,,,,,,,,,,,,,,sue,,,,,,
,,,,,,,,,,,,,,,,,,suffer,,,,,,
,,,,,,,,,,,,,,,,,,suffice,,,,,,
,,,,,,,,,,,,,,,,,,suffocate,,,,,,
,,,,,,,,,,,,,,,,,,suffuse,,,,,,
,,,,,,,,,,,,,,,,,,sugar,,,,,,
,,,,,,,,,,,,,,,,,,sugarcoat,,,,,,
,,,,,,,,,,,,,,,,,,suggest,,,,,,
,,,,,,,,,,,,,,,,,,suicide,,,,,,
,,,,,,,,,,,,,,,,,,suit,,,,,,
,,,,,,,,,,,,,,,,,,sulfurize,,,,,,
,,,,,,,,,,,,,,,,,,sulk,,,,,,
,,,,,,,,,,,,,,,,,,sully,,,,,,
,,,,,,,,,,,,,,,,,,sulphur,,,,,,
,,,,,,,,,,,,,,,,,,sum,,,,,,
,,,,,,,,,,,,,,,,,,sum-up,,,,,,
,,,,,,,,,,,,,,,,,,summarize,,,,,,
,,,,,,,,,,,,,,,,,,summer,,,,,,
,,,,,,,,,,,,,,,,,,summon,,,,,,
,,,,,,,,,,,,,,,,,,summons,,,,,,
,,,,,,,,,,,,,,,,,,sunbathe,,,,,,
,,,,,,,,,,,,,,,,,,sunburn,,,,,,
,,,,,,,,,,,,,,,,,,sunder,,,,,,
,,,,,,,,,,,,,,,,,,sup,,,,,,
,,,,,,,,,,,,,,,,,,super,,,,,,
,,,,,,,,,,,,,,,,,,superimpose,,,,,,
,,,,,,,,,,,,,,,,,,supersede,,,,,,
,,,,,,,,,,,,,,,,,,supervene,,,,,,
,,,,,,,,,,,,,,,,,,supervise,,,,,,
,,,,,,,,,,,,,,,,,,supplant,,,,,,
,,,,,,,,,,,,,,,,,,supplement,,,,,,
,,,,,,,,,,,,,,,,,,supplicate,,,,,,
,,,,,,,,,,,,,,,,,,supply,,,,,,
,,,,,,,,,,,,,,,,,,support,,,,,,
,,,,,,,,,,,,,,,,,,suppose,,,,,,
,,,,,,,,,,,,,,,,,,suppress,,,,,,
,,,,,,,,,,,,,,,,,,suppurate,,,,,,
,,,,,,,,,,,,,,,,,,surf,,,,,,
,,,,,,,,,,,,,,,,,,surface,,,,,,
,,,,,,,,,,,,,,,,,,surfeit,,,,,,
,,,,,,,,,,,,,,,,,,surge,,,,,,
,,,,,,,,,,,,,,,,,,surmise,,,,,,
,,,,,,,,,,,,,,,,,,surmount,,,,,,
,,,,,,,,,,,,,,,,,,surpass,,,,,,
,,,,,,,,,,,,,,,,,,surprise,,,,,,
,,,,,,,,,,,,,,,,,,surrender,,,,,,
,,,,,,,,,,,,,,,,,,surround,,,,,,
,,,,,,,,,,,,,,,,,,surveil,,,,,,
,,,,,,,,,,,,,,,,,,survey,,,,,,
,,,,,,,,,,,,,,,,,,survive,,,,,,
,,,,,,,,,,,,,,,,,,suspect,,,,,,
,,,,,,,,,,,,,,,,,,suspend,,,,,,
,,,,,,,,,,,,,,,,,,suspire,,,,,,
,,,,,,,,,,,,,,,,,,sustain,,,,,,
,,,,,,,,,,,,,,,,,,suture,,,,,,
,,,,,,,,,,,,,,,,,,swab,,,,,,
,,,,,,,,,,,,,,,,,,swaddle,,,,,,
,,,,,,,,,,,,,,,,,,swag,,,,,,
,,,,,,,,,,,,,,,,,,swagger,,,,,,
,,,,,,,,,,,,,,,,,,swallow,,,,,,
,,,,,,,,,,,,,,,,,,swamp,,,,,,
,,,,,,,,,,,,,,,,,,swan,,,,,,
,,,,,,,,,,,,,,,,,,swap,,,,,,
,,,,,,,,,,,,,,,,,,swap-out,,,,,,
,,,,,,,,,,,,,,,,,,swarm,,,,,,
,,,,,,,,,,,,,,,,,,swash,,,,,,
,,,,,,,,,,,,,,,,,,swat,,,,,,
,,,,,,,,,,,,,,,,,,swathe,,,,,,
,,,,,,,,,,,,,,,,,,sway,,,,,,
,,,,,,,,,,,,,,,,,,swear,,,,,,
,,,,,,,,,,,,,,,,,,sweat,,,,,,
,,,,,,,,,,,,,,,,,,sweep,,,,,,
,,,,,,,,,,,,,,,,,,sweet-talk,,,,,,
,,,,,,,,,,,,,,,,,,sweeten,,,,,,
,,,,,,,,,,,,,,,,,,swell,,,,,,
,,,,,,,,,,,,,,,,,,swelter,,,,,,
,,,,,,,,,,,,,,,,,,swerve,,,,,,
,,,,,,,,,,,,,,,,,,swig,,,,,,
,,,,,,,,,,,,,,,,,,swill,,,,,,
,,,,,,,,,,,,,,,,,,swim,,,,,,
,,,,,,,,,,,,,,,,,,swindle,,,,,,
,,,,,,,,,,,,,,,,,,swing,,,,,,
,,,,,,,,,,,,,,,,,,swing-(into),,,,,,
,,,,,,,,,,,,,,,,,,swipe,,,,,,
,,,,,,,,,,,,,,,,,,swirl,,,,,,
,,,,,,,,,,,,,,,,,,swish,,,,,,
,,,,,,,,,,,,,,,,,,switch,,,,,,
,,,,,,,,,,,,,,,,,,switch-over,,,,,,
,,,,,,,,,,,,,,,,,,swivel,,,,,,
,,,,,,,,,,,,,,,,,,swoon,,,,,,
,,,,,,,,,,,,,,,,,,swoop,,,,,,
,,,,,,,,,,,,,,,,,,swoosh,,,,,,
,,,,,,,,,,,,,,,,,,symbolize,,,,,,
,,,,,,,,,,,,,,,,,,sympathize,,,,,,
,,,,,,,,,,,,,,,,,,synchronize,,,,,,
,,,,,,,,,,,,,,,,,,syncopate,,,,,,
,,,,,,,,,,,,,,,,,,syndicate,,,,,,
,,,,,,,,,,,,,,,,,,synthesise,,,,,,
,,,,,,,,,,,,,,,,,,synthesize,,,,,,